month,day,hour,minute,weekday,occupied,outdoor_c,t_SPACE1-1,t_SPACE2-1,t_SPACE3-1,t_SPACE4-1,t_SPACE5-1,temp_mean,pmv_mean,kwh_step,heat_sp,cool_sp,violations,mode
7,15,0,15,1,0,24.2,22.21,22.15,22.17,22.17,21.83,22.11,0.0,0.0,21.0,23.5,0,rule
7,15,0,30,1,0,22.8,22.15,22.1,22.12,22.11,21.79,22.05,-1.142,0.1187,21.0,23.5,0,rule
7,15,0,45,1,0,21.4,22.05,22.02,22.02,22.03,21.76,21.98,-1.164,0.1187,21.0,23.5,0,rule
7,15,0,60,1,0,20.0,21.93,21.93,21.91,21.94,21.73,21.89,-1.189,0.1187,21.0,23.5,0,rule
7,15,1,15,1,0,20.0,21.81,21.83,21.79,21.83,21.69,21.79,-1.217,0.1187,15.0,30.0,0,rule
7,15,1,30,1,0,20.0,21.7,21.74,21.69,21.75,21.66,21.71,-1.239,0.1187,15.0,30.0,0,rule
7,15,1,45,1,0,20.0,21.63,21.67,21.62,21.68,21.63,21.65,-1.257,0.1187,15.0,30.0,0,rule
7,15,1,60,1,0,20.0,21.57,21.61,21.55,21.62,21.59,21.59,-1.273,0.1187,15.0,30.0,0,rule
7,15,2,15,1,0,19.85,21.51,21.56,21.5,21.56,21.56,21.54,-1.289,0.1187,15.0,30.0,0,rule
7,15,2,30,1,0,19.7,21.45,21.49,21.44,21.5,21.52,21.48,-1.306,0.1187,15.0,30.0,0,rule
7,15,2,45,1,0,19.55,21.39,21.43,21.37,21.44,21.49,21.42,-1.322,0.1187,15.0,30.0,0,rule
7,15,2,60,1,0,19.4,21.32,21.37,21.31,21.37,21.46,21.37,-1.338,0.1187,15.0,30.0,0,rule
7,15,3,15,1,0,19.27,21.27,21.31,21.25,21.31,21.42,21.31,-1.354,0.1187,15.0,30.0,0,rule
7,15,3,30,1,0,19.15,21.21,21.25,21.19,21.26,21.39,21.26,-1.37,0.1187,15.0,30.0,0,rule
7,15,3,45,1,0,19.02,21.16,21.2,21.13,21.2,21.36,21.21,-1.384,0.1187,15.0,30.0,0,rule
7,15,3,60,1,0,18.9,21.11,21.15,21.08,21.15,21.33,21.16,-1.398,0.1187,15.0,30.0,0,rule
7,15,4,15,1,0,18.9,21.06,21.1,21.03,21.1,21.3,21.12,-1.412,0.1187,15.0,30.0,0,rule
7,15,4,30,1,0,18.9,21.01,21.05,20.98,21.05,21.27,21.07,-1.424,0.1187,15.0,30.0,0,rule
7,15,4,45,1,0,18.9,20.98,21.01,20.95,21.01,21.24,21.04,-1.434,0.1187,15.0,30.0,0,rule
7,15,4,60,1,0,18.9,20.96,21.07,21.06,21.0,21.22,21.06,-1.42,0.1187,15.0,30.0,0,rule
7,15,5,15,1,0,19.32,20.96,21.23,21.33,21.01,21.2,21.14,-1.391,0.1187,15.0,30.0,0,rule
7,15,5,38,1,0,19.75,20.98,21.45,21.63,21.04,21.19,21.26,-1.356,0.1187,15.0,30.0,0,rule
7,15,5,53,1,0,20.18,21.02,21.74,21.99,21.1,21.19,21.41,-1.311,0.1187,15.0,30.0,0,rule
7,15,5,68,1,0,20.6,21.09,22.12,22.4,21.18,21.2,21.6,-1.25,0.1187,15.0,30.0,0,rule
7,15,6,23,1,0,21.0,21.18,22.58,22.86,21.28,21.22,21.82,-1.183,0.1187,15.0,30.0,0,rule
7,15,6,35,1,0,21.4,20.74,21.91,22.64,20.35,20.9,21.31,-1.238,0.7479,15.0,30.0,0,rule
7,15,6,53,1,0,21.8,20.56,21.85,22.62,20.04,20.68,21.15,-1.258,0.7632,15.0,30.0,0,rule
7,15,6,60,1,0,22.2,20.54,22.02,22.71,20.01,20.59,21.17,-1.249,0.7773,15.0,30.0,0,rule
7,15,7,15,1,0,22.75,20.58,22.17,22.78,20.03,20.57,21.22,-1.237,0.791,21.1,25.5,0,rule
7,15,7,34,1,0,23.3,21.11,22.21,22.76,21.09,21.13,21.66,-1.165,0.8191,21.1,25.5,0,rule
7,15,7,45,1,0,23.85,21.1,22.23,22.71,21.1,21.1,21.65,-1.155,0.8471,21.1,25.5,0,rule
7,15,7,60,1,0,24.4,21.1,22.31,22.73,21.1,21.1,21.67,-1.137,0.877,21.1,25.5,0,rule
7,15,8,15,1,1,24.7,21.1,22.41,22.77,21.1,21.1,21.7,-1.121,0.9077,21.1,26.5,0,rule
7,15,8,35,1,1,25.0,22.0,23.24,23.72,21.51,21.98,22.49,-0.914,3.0076,21.1,26.5,0,rule
7,15,8,50,1,1,25.3,22.83,23.97,24.55,21.97,22.87,23.24,-0.712,3.0443,21.1,26.5,0,rule
7,15,8,68,1,1,25.6,23.26,24.48,24.94,22.31,23.26,23.65,-0.578,3.0778,21.1,26.5,0,rule
7,15,9,23,1,1,26.15,23.61,24.93,25.2,22.6,23.53,23.97,-0.466,3.1147,21.1,26.5,0,rule
7,15,9,35,1,1,26.7,24.23,25.6,25.73,23.14,24.08,24.56,-0.313,3.8715,21.1,26.5,0,rule
7,15,9,50,1,1,27.25,24.8,26.2,26.18,23.58,24.59,25.07,-0.162,3.9076,21.1,26.5,0,rule
7,15,9,68,1,1,27.8,25.15,26.49,26.4,23.86,24.9,25.36,-0.063,3.9469,21.1,26.5,0,rule
7,15,10,23,1,1,28.08,25.46,26.5,26.5,24.1,25.14,25.54,0.011,4.0009,21.1,26.5,0,rule
7,15,10,38,1,1,28.35,25.73,26.5,26.5,24.33,25.35,25.68,0.072,4.1094,21.1,26.5,0,rule
7,15,10,53,1,1,28.62,25.98,26.5,26.5,24.53,25.55,25.81,0.124,4.12,21.1,26.5,0,rule
7,15,10,68,1,1,28.9,26.2,26.5,26.5,24.71,25.71,25.92,0.168,4.126,21.1,26.5,0,rule
7,15,11,23,1,1,29.32,26.4,26.5,26.5,24.87,25.86,26.03,0.206,4.1286,21.1,26.5,0,rule
7,15,11,38,1,1,29.75,26.5,26.5,26.5,24.93,25.91,26.07,0.225,4.0543,21.1,26.5,0,rule
7,15,11,53,1,1,30.18,26.5,26.5,26.5,24.99,25.95,26.09,0.235,4.0891,21.1,26.5,0,rule
7,15,11,68,1,1,30.6,26.5,26.5,26.5,25.09,26.03,26.12,0.248,4.1264,21.1,26.5,0,rule
7,15,12,23,1,1,30.88,26.5,26.5,26.5,25.2,26.11,26.16,0.259,4.1561,21.1,26.5,0,rule
7,15,12,30,1,1,31.15,26.5,26.5,26.5,25.13,26.01,26.13,0.243,3.8417,21.1,26.5,0,rule
7,15,12,45,1,1,31.42,26.5,26.49,26.5,25.07,25.92,26.1,0.23,3.8556,21.1,26.5,0,rule
7,15,12,60,1,1,31.7,26.5,26.41,26.5,25.08,25.88,26.07,0.219,3.877,21.1,26.5,0,rule
7,15,13,15,1,1,31.7,26.5,26.31,26.5,25.14,25.89,26.07,0.216,3.8969,21.1,26.5,0,rule
7,15,13,30,1,1,31.7,26.5,26.37,26.5,25.4,26.1,26.17,0.246,4.1387,21.1,26.5,0,rule
7,15,13,45,1,1,31.7,26.5,26.42,26.5,25.65,26.32,26.28,0.277,4.153,21.1,26.5,0,rule
7,15,13,60,1,1,31.7,26.5,26.41,26.5,25.85,26.43,26.34,0.302,4.1664,21.1,26.5,0,rule
7,15,14,15,1,1,31.7,26.5,26.38,26.5,26.05,26.49,26.38,0.323,4.1823,21.1,26.5,0,rule
7,15,14,30,1,1,31.7,26.5,26.38,26.5,26.29,26.5,26.43,0.35,4.2809,21.1,26.5,0,rule
7,15,14,45,1,1,31.7,26.5,26.38,26.5,26.47,26.5,26.47,0.373,4.2972,21.1,26.5,0,rule
7,15,14,60,1,1,31.7,26.5,26.36,26.5,26.49,26.5,26.47,0.385,4.3212,21.1,26.5,0,rule
7,15,15,15,1,1,31.82,26.5,26.33,26.5,26.5,26.5,26.46,0.393,4.3369,21.1,26.5,0,rule
7,15,15,30,1,1,31.95,26.5,26.23,26.5,26.5,26.5,26.44,0.396,4.1988,21.1,26.5,0,rule
7,15,15,45,1,1,32.08,26.5,26.15,26.5,26.5,26.5,26.43,0.398,4.2191,21.1,26.5,0,rule
7,15,15,60,1,1,32.2,26.5,26.07,26.5,26.5,26.5,26.41,0.393,4.2287,21.1,26.5,0,rule
7,15,16,15,1,1,32.2,26.5,26.0,26.5,26.5,26.5,26.4,0.38,4.2255,21.1,26.5,0,rule
7,15,16,30,1,1,32.2,26.5,25.82,26.5,26.5,26.42,26.35,0.36,3.887,21.1,26.5,0,rule
7,15,16,45,1,1,32.2,26.5,25.65,26.5,26.5,26.34,26.3,0.335,3.8485,21.1,26.5,0,rule
7,15,16,60,1,1,32.2,26.5,25.53,26.5,26.44,26.3,26.25,0.311,3.8154,21.1,26.5,0,rule
7,15,17,15,1,1,31.5,26.5,25.41,26.5,26.27,26.27,26.19,0.284,3.7911,21.1,27.0,0,rule
7,15,17,30,1,1,30.8,26.48,25.27,26.56,26.01,26.24,26.11,0.251,3.7343,21.1,27.0,0,rule
7,15,17,53,1,1,30.1,26.38,25.12,26.51,25.7,26.21,25.98,0.205,3.7063,21.1,27.0,0,rule
7,15,17,60,1,1,29.4,26.24,24.96,26.4,25.41,26.17,25.84,0.159,3.6778,21.1,27.0,0,rule
7,15,18,15,1,0,29.27,26.1,24.82,26.28,25.15,26.13,25.7,0.116,3.6485,15.0,30.0,0,rule
7,15,18,38,1,0,29.15,25.6,24.32,25.78,24.58,25.63,25.18,-0.019,2.6524,15.0,30.0,0,rule
7,15,18,53,1,0,29.02,25.13,23.9,25.31,24.09,25.08,24.7,-0.151,2.6566,15.0,30.0,0,rule
7,15,18,68,1,0,28.9,24.89,23.67,25.06,23.8,24.83,24.45,-0.238,2.6602,15.0,30.0,0,rule
7,15,19,15,1,0,27.22,24.69,23.47,24.86,23.55,24.66,24.25,-0.311,2.6633,15.0,30.0,0,rule
7,15,19,38,1,0,25.55,24.18,22.96,24.34,23.01,24.19,23.73,-0.462,1.8225,15.0,30.0,0,rule
7,15,19,53,1,0,23.88,23.62,22.47,23.77,22.47,23.65,23.2,-0.618,1.7214,15.0,30.0,0,rule
7,15,19,68,1,0,22.2,23.24,22.14,23.38,22.14,23.34,22.85,-0.734,1.6277,15.0,30.0,0,rule
7,15,20,23,1,0,22.35,22.9,21.86,23.02,21.86,23.11,22.55,-0.836,1.539,15.0,30.0,0,rule
7,15,20,38,1,0,22.5,23.08,22.38,23.18,22.44,23.1,22.84,-0.829,0.4,15.0,30.0,0,rule
7,15,20,53,1,0,22.65,23.32,22.9,23.39,23.0,23.2,23.16,-0.787,0.4,15.0,30.0,0,rule
7,15,20,60,1,0,22.8,23.34,23.08,23.39,23.17,23.21,23.24,-0.781,0.4,15.0,30.0,0,rule
7,15,21,15,1,0,23.08,23.24,23.05,23.29,23.13,23.14,23.17,-0.8,0.4,15.0,30.0,0,rule
7,15,21,30,1,0,23.35,23.11,22.96,23.15,23.04,23.02,23.06,-0.835,0.1187,15.0,30.0,0,rule
7,15,21,45,1,0,23.62,22.96,22.85,22.99,22.92,22.85,22.92,-0.871,0.1187,15.0,30.0,0,rule
7,15,21,60,1,0,23.9,22.84,22.75,22.86,22.81,22.7,22.79,-0.905,0.1187,15.0,30.0,0,rule
7,15,22,15,1,0,24.32,22.74,22.67,22.75,22.72,22.58,22.69,-0.933,0.1187,15.0,30.0,0,rule
7,15,22,30,1,0,24.75,22.67,22.61,22.67,22.65,22.48,22.62,-0.957,0.1187,15.0,30.0,0,rule
7,15,22,45,1,0,25.18,22.61,22.55,22.6,22.59,22.39,22.55,-0.976,0.1187,15.0,30.0,0,rule
7,15,22,60,1,0,25.6,22.56,22.5,22.55,22.54,22.31,22.49,-0.994,0.1187,15.0,30.0,0,rule
7,15,23,15,1,0,25.6,22.53,22.46,22.5,22.49,22.24,22.44,-1.008,0.1187,15.0,30.0,0,rule
7,15,23,30,1,0,25.6,22.49,22.42,22.46,22.45,22.17,22.4,-1.023,0.1187,15.0,30.0,0,rule
7,15,23,45,1,0,25.6,22.45,22.38,22.42,22.4,22.11,22.35,-1.036,0.1187,15.0,30.0,0,rule
7,15,23,60,1,0,25.6,22.41,22.34,22.38,22.36,22.06,22.31,-1.048,0.1187,15.0,30.0,0,rule
7,16,0,15,2,0,24.9,22.38,22.31,22.34,22.33,22.01,22.27,-1.06,0.1187,15.0,30.0,0,rule
7,16,0,30,2,0,24.2,22.32,22.26,22.29,22.28,21.96,22.22,-1.076,0.1187,15.0,30.0,0,rule
7,16,0,45,2,0,23.5,22.25,22.2,22.22,22.21,21.92,22.16,-1.095,0.1187,15.0,30.0,0,rule
7,16,0,60,2,0,22.8,22.17,22.13,22.13,22.14,21.88,22.09,-1.115,0.1187,15.0,30.0,0,rule
7,16,1,15,2,0,22.65,22.08,22.05,22.04,22.06,21.84,22.01,-1.136,0.1187,15.0,30.0,0,rule
7,16,1,30,2,0,22.5,22.0,21.98,21.96,21.99,21.8,21.95,-1.155,0.1187,15.0,30.0,0,rule
7,16,1,45,2,0,22.35,21.94,21.92,21.89,21.93,21.77,21.89,-1.172,0.1187,15.0,30.0,0,rule
7,16,1,60,2,0,22.2,21.87,21.86,21.83,21.87,21.73,21.83,-1.189,0.1187,15.0,30.0,0,rule
7,16,2,15,2,0,22.62,21.81,21.8,21.77,21.81,21.69,21.78,-1.205,0.1187,15.0,30.0,0,rule
7,16,2,30,2,0,23.05,21.77,21.76,21.72,21.76,21.66,21.74,-1.216,0.1187,15.0,30.0,0,rule
7,16,2,45,2,0,23.47,21.75,21.73,21.7,21.73,21.63,21.71,-1.225,0.1187,15.0,30.0,0,rule
7,16,2,60,2,0,23.9,21.74,21.71,21.68,21.71,21.59,21.69,-1.231,0.1187,15.0,30.0,0,rule
7,16,3,15,2,0,23.9,21.73,21.7,21.68,21.7,21.56,21.67,-1.235,0.1187,15.0,30.0,0,rule
7,16,3,30,2,0,23.9,21.73,21.68,21.67,21.68,21.54,21.66,-1.24,0.1187,15.0,30.0,0,rule
7,16,3,45,2,0,23.9,21.71,21.66,21.65,21.66,21.51,21.64,-1.246,0.1187,15.0,30.0,0,rule
7,16,3,60,2,0,23.9,21.69,21.64,21.63,21.64,21.49,21.62,-1.252,0.1187,15.0,30.0,0,rule
7,16,4,15,2,0,23.9,21.68,21.62,21.62,21.63,21.47,21.6,-1.257,0.1187,15.0,30.0,0,rule
7,16,4,30,2,0,23.9,21.67,21.61,21.6,21.61,21.45,21.59,-1.262,0.1187,15.0,30.0,0,rule
7,16,4,45,2,0,23.9,21.65,21.59,21.59,21.59,21.43,21.57,-1.266,0.1187,15.0,30.0,0,rule
7,16,4,60,2,0,23.9,21.65,21.69,21.76,21.6,21.41,21.63,-1.241,0.1187,15.0,30.0,0,rule
7,16,5,23,2,0,24.32,21.67,21.92,22.11,21.63,21.41,21.75,-1.199,0.1187,15.0,30.0,0,rule
7,16,5,38,2,0,24.75,21.72,22.27,22.59,21.69,21.41,21.94,-1.143,0.1187,15.0,30.0,0,rule
7,16,5,53,2,0,25.18,21.79,22.65,23.05,21.77,21.42,22.14,-1.082,0.1187,15.0,30.0,0,rule
7,16,5,68,2,0,25.6,21.87,23.08,23.51,21.87,21.45,22.36,-1.016,0.1187,15.0,30.0,0,rule
7,16,6,23,2,0,25.88,21.98,23.58,24.0,21.99,21.49,22.61,-0.938,0.1187,15.0,30.0,0,rule
7,16,6,35,2,0,26.15,21.5,22.85,23.73,20.99,21.17,22.05,-0.997,1.1109,15.0,30.0,0,rule
7,16,6,53,2,0,26.42,21.22,22.7,23.69,20.57,20.93,21.82,-1.028,1.123,15.0,30.0,0,rule
7,16,6,60,2,0,26.7,21.13,22.93,23.83,20.49,20.81,21.84,-1.014,1.128,15.0,30.0,0,rule
7,16,7,23,2,0,27.1,21.15,23.24,24.0,20.49,20.78,21.93,-0.984,1.1311,21.1,25.5,0,rule
7,16,7,38,2,0,27.5,21.21,23.59,24.18,21.08,21.1,22.23,-0.918,1.1441,21.1,25.5,0,rule
7,16,7,53,2,0,27.9,21.28,23.94,24.32,21.1,21.1,22.35,-0.876,1.1563,21.1,25.5,0,rule
7,16,7,68,2,0,28.3,21.38,24.27,24.41,21.1,21.1,22.45,-0.84,1.1687,21.1,25.5,0,rule
7,16,8,23,2,1,28.73,21.49,24.58,24.45,21.1,21.1,22.55,-0.809,1.1788,21.1,26.5,0,rule
7,16,8,34,2,1,29.15,22.55,25.53,25.32,21.7,22.13,23.45,-0.582,3.2634,21.1,26.5,0,rule
7,16,8,49,2,1,29.57,23.43,26.33,25.99,22.23,23.19,24.24,-0.369,3.2825,21.1,26.5,0,rule
7,16,8,68,2,1,30.0,23.89,26.49,26.25,22.59,23.64,24.57,-0.255,3.3052,21.1,26.5,0,rule
7,16,9,23,2,1,30.27,24.24,26.5,26.36,22.89,23.92,24.78,-0.17,3.3278,21.1,26.5,0,rule
7,16,9,35,2,1,30.55,24.86,26.5,26.5,23.41,24.47,25.15,-0.066,4.1097,21.1,26.5,0,rule
7,16,9,53,2,1,30.83,25.33,26.5,26.5,23.79,24.92,25.41,0.018,4.1409,21.1,26.5,0,rule
7,16,9,68,2,1,31.1,25.71,26.5,26.5,24.08,25.27,25.61,0.083,4.161,21.1,26.5,0,rule
7,16,10,23,2,1,31.25,25.96,26.5,26.5,24.29,25.49,25.75,0.133,4.1796,21.1,26.5,0,rule
7,16,10,38,2,1,31.4,26.19,26.5,26.5,24.48,25.69,25.87,0.178,4.296,21.1,26.5,0,rule
7,16,10,53,2,1,31.55,26.4,26.5,26.5,24.65,25.86,25.98,0.215,4.3167,21.1,26.5,0,rule
7,16,10,68,2,1,31.7,26.5,26.5,26.5,24.79,26.01,26.06,0.243,4.3461,21.1,26.5,0,rule
7,16,11,15,2,1,31.82,26.5,26.5,26.5,24.92,26.14,26.11,0.263,4.3757,21.1,26.5,0,rule
7,16,11,30,2,1,31.95,26.5,26.5,26.5,24.96,26.16,26.12,0.266,4.2628,21.1,26.5,0,rule
7,16,11,45,2,1,32.08,26.5,26.5,26.5,25.0,26.19,26.14,0.268,4.268,21.1,26.5,0,rule
7,16,11,60,2,1,32.2,26.5,26.5,26.5,25.07,26.24,26.16,0.273,4.2721,21.1,26.5,0,rule
7,16,12,15,2,1,32.35,26.5,26.5,26.5,25.16,26.3,26.19,0.278,4.2741,21.1,26.5,0,rule
7,16,12,30,2,1,32.5,26.5,26.5,26.5,25.08,26.19,26.15,0.259,3.9495,21.1,26.5,0,rule
7,16,12,45,2,1,32.65,26.5,26.5,26.5,25.02,26.09,26.12,0.244,3.9586,21.1,26.5,0,rule
7,16,12,60,2,1,32.8,26.5,26.48,26.5,25.03,26.02,26.11,0.233,3.9723,21.1,26.5,0,rule
7,16,13,15,2,1,32.92,26.5,26.4,26.5,25.1,26.01,26.1,0.23,3.9899,21.1,26.5,0,rule
7,16,13,30,2,1,33.05,26.5,26.47,26.5,25.36,26.21,26.21,0.26,4.2317,21.1,26.5,0,rule
7,16,13,45,2,1,33.17,26.5,26.5,26.5,25.64,26.41,26.31,0.293,4.2439,21.1,26.5,0,rule
7,16,13,60,2,1,33.3,26.5,26.49,26.5,25.87,26.49,26.37,0.319,4.2608,21.1,26.5,0,rule
7,16,14,15,2,1,33.3,26.5,26.47,26.5,26.11,26.5,26.41,0.341,4.2774,21.1,26.5,0,rule
7,16,14,30,2,1,33.3,26.5,26.47,26.5,26.39,26.5,26.47,0.371,4.3579,21.1,26.5,0,rule
7,16,14,45,2,1,33.3,26.5,26.47,26.5,26.48,26.5,26.49,0.392,4.3835,21.1,26.5,0,rule
7,16,14,60,2,1,33.3,26.5,26.45,26.5,26.5,26.5,26.49,0.405,4.3981,21.1,26.5,0,rule
7,16,15,15,2,1,33.17,26.5,26.41,26.5,26.5,26.5,26.48,0.412,4.4085,21.1,26.5,0,rule
7,16,15,30,2,1,33.05,26.5,26.3,26.5,26.5,26.5,26.46,0.414,4.2527,21.1,26.5,0,rule
7,16,15,45,2,1,32.92,26.5,26.19,26.5,26.5,26.5,26.44,0.413,4.2549,21.1,26.5,0,rule
7,16,15,60,2,1,32.8,26.5,26.1,26.5,26.5,26.5,26.42,0.414,4.2579,21.1,26.5,0,rule
7,16,16,15,2,1,32.8,26.5,26.02,26.5,26.5,26.5,26.4,0.414,4.2584,21.1,26.5,0,rule
7,16,16,30,2,1,32.8,26.5,25.85,26.5,26.5,26.45,26.36,0.406,3.9476,21.1,26.5,0,rule
7,16,16,45,2,1,32.8,26.5,25.69,26.5,26.5,26.4,26.32,0.4,3.9515,21.1,26.5,0,rule
7,16,16,60,2,1,32.8,26.5,25.59,26.5,26.5,26.37,26.29,0.393,3.9538,21.1,26.5,0,rule
7,16,17,15,2,1,32.52,26.5,25.5,26.5,26.5,26.36,26.27,0.385,3.9531,21.1,27.0,0,rule
7,16,17,38,2,1,32.25,26.76,25.4,26.66,26.97,26.35,26.43,0.404,3.8282,21.1,27.0,0,rule
7,16,17,45,2,1,31.97,26.9,25.3,26.74,27.0,26.33,26.46,0.407,3.8157,21.1,27.0,0,rule
7,16,17,60,2,1,31.7,26.86,25.2,26.7,27.0,26.32,26.42,0.39,3.7801,21.1,27.0,0,rule
7,16,18,15,2,0,31.42,26.75,25.09,26.61,27.0,26.3,26.35,0.367,3.7551,15.0,30.0,0,rule
7,16,18,38,2,0,31.15,26.27,24.61,26.14,26.99,25.83,25.97,0.255,2.7227,15.0,30.0,0,rule
7,16,18,53,2,0,30.88,25.81,24.2,25.69,26.78,25.31,25.56,0.137,2.7195,15.0,30.0,0,rule
7,16,18,68,2,0,30.6,25.55,23.97,25.45,26.46,25.07,25.3,0.048,2.7173,15.0,30.0,0,rule
7,16,19,23,2,0,30.45,25.31,23.76,25.23,26.05,24.91,25.05,-0.04,2.7135,15.0,30.0,0,rule
7,16,19,35,2,0,30.3,24.82,23.28,24.75,25.34,24.45,24.53,-0.199,1.965,15.0,30.0,0,rule
7,16,19,50,2,0,30.15,24.33,22.86,24.26,24.57,23.93,23.99,-0.365,1.9659,15.0,30.0,0,rule
7,16,19,65,2,0,30.0,24.02,22.58,23.95,23.99,23.63,23.63,-0.483,1.9662,15.0,30.0,0,rule
7,16,20,23,2,0,29.73,23.76,22.35,23.7,23.53,23.41,23.35,-0.578,1.9674,15.0,30.0,0,rule
7,16,20,35,2,0,29.45,24.07,23.13,23.99,24.38,23.45,23.8,-0.545,0.4,15.0,30.0,0,rule
7,16,20,50,2,0,29.17,24.33,23.71,24.22,24.94,23.54,24.15,-0.495,0.4,15.0,30.0,0,rule
7,16,20,60,2,0,28.9,24.35,23.86,24.24,24.99,23.55,24.2,-0.496,0.4,15.0,30.0,0,rule
7,16,21,15,2,0,28.62,24.26,23.83,24.16,24.82,23.49,24.11,-0.52,0.4,15.0,30.0,0,rule
7,16,21,30,2,0,28.35,24.13,23.76,24.03,24.63,23.39,23.99,-0.559,0.1187,15.0,30.0,0,rule
7,16,21,45,2,0,28.08,23.97,23.65,23.87,24.42,23.23,23.83,-0.6,0.1187,15.0,30.0,0,rule
7,16,21,60,2,0,27.8,23.82,23.56,23.73,24.23,23.08,23.69,-0.64,0.1187,15.0,30.0,0,rule
7,16,22,15,2,0,27.65,23.7,23.48,23.61,24.07,22.97,23.56,-0.675,0.1187,15.0,30.0,0,rule
7,16,22,30,2,0,27.5,23.59,23.4,23.51,23.91,22.87,23.46,-0.708,0.1187,15.0,30.0,0,rule
7,16,22,45,2,0,27.35,23.49,23.32,23.41,23.77,22.79,23.35,-0.738,0.1187,15.0,30.0,0,rule
7,16,22,60,2,0,27.2,23.39,23.24,23.31,23.63,22.71,23.26,-0.767,0.1187,15.0,30.0,0,rule
7,16,23,15,2,0,26.92,23.29,23.16,23.22,23.5,22.64,23.16,-0.794,0.1187,15.0,30.0,0,rule
7,16,23,30,2,0,26.65,23.2,23.08,23.13,23.38,22.57,23.07,-0.82,0.1187,15.0,30.0,0,rule
7,16,23,45,2,0,26.38,23.11,23.01,23.04,23.26,22.5,22.99,-0.846,0.1187,15.0,30.0,0,rule
7,16,23,60,2,0,26.1,23.02,22.93,22.96,23.15,22.44,22.9,-0.871,0.1187,15.0,30.0,0,rule
7,17,0,15,3,0,25.98,22.94,22.85,22.87,23.05,22.38,22.82,-0.895,0.1187,15.0,30.0,0,rule
7,17,0,30,3,0,25.85,22.86,22.78,22.79,22.95,22.32,22.74,-0.918,0.1187,15.0,30.0,0,rule
7,17,0,45,3,0,25.73,22.78,22.72,22.72,22.86,22.27,22.67,-0.939,0.1187,15.0,30.0,0,rule
7,17,0,60,3,0,25.6,22.72,22.65,22.65,22.78,22.22,22.6,-0.959,0.1187,15.0,30.0,0,rule
7,17,1,15,3,0,25.45,22.65,22.59,22.59,22.7,22.17,22.54,-0.978,0.1187,15.0,30.0,0,rule
7,17,1,30,3,0,25.3,22.59,22.53,22.52,22.62,22.12,22.48,-0.996,0.1187,15.0,30.0,0,rule
7,17,1,45,3,0,25.15,22.52,22.47,22.46,22.55,22.08,22.42,-1.013,0.1187,15.0,30.0,0,rule
7,17,1,60,3,0,25.0,22.46,22.41,22.4,22.48,22.04,22.36,-1.03,0.1187,15.0,30.0,0,rule
7,17,2,15,3,0,24.85,22.41,22.36,22.34,22.42,22.0,22.3,-1.047,0.1187,15.0,30.0,0,rule
7,17,2,30,3,0,24.7,22.35,22.3,22.29,22.36,21.96,22.25,-1.062,0.1187,15.0,30.0,0,rule
7,17,2,45,3,0,24.55,22.3,22.25,22.23,22.3,21.92,22.2,-1.078,0.1187,15.0,30.0,0,rule
7,17,2,60,3,0,24.4,22.24,22.2,22.18,22.24,21.88,22.15,-1.093,0.1187,15.0,30.0,0,rule
7,17,3,15,3,0,24.27,22.19,22.15,22.13,22.18,21.85,22.1,-1.107,0.1187,15.0,30.0,0,rule
7,17,3,30,3,0,24.15,22.14,22.1,22.08,22.13,21.82,22.05,-1.12,0.1187,15.0,30.0,0,rule
7,17,3,45,3,0,24.02,22.09,22.05,22.03,22.08,21.78,22.01,-1.134,0.1187,15.0,30.0,0,rule
7,17,3,60,3,0,23.9,22.05,22.01,21.99,22.03,21.75,21.97,-1.146,0.1187,15.0,30.0,0,rule
7,17,4,15,3,0,23.75,22.01,21.97,21.95,21.99,21.72,21.93,-1.158,0.1187,15.0,30.0,0,rule
7,17,4,30,3,0,23.6,21.96,21.92,21.9,21.94,21.69,21.88,-1.17,0.1187,15.0,30.0,0,rule
7,17,4,45,3,0,23.45,21.92,21.88,21.86,21.9,21.66,21.84,-1.182,0.1187,15.0,30.0,0,rule
7,17,4,60,3,0,23.3,21.89,21.91,21.92,21.87,21.64,21.85,-1.175,0.1187,15.0,30.0,0,rule
7,17,5,15,3,0,23.73,21.87,21.99,22.05,21.87,21.62,21.88,-1.163,0.1187,15.0,30.0,0,rule
7,17,5,30,3,0,24.15,21.88,22.11,22.21,21.9,21.6,21.94,-1.146,0.1187,15.0,30.0,0,rule
7,17,5,45,3,0,24.57,21.92,22.26,22.39,21.95,21.59,22.02,-1.119,0.1187,15.0,30.0,0,rule
7,17,5,60,3,0,25.0,21.98,22.48,22.64,22.02,21.59,22.14,-1.081,0.1187,15.0,30.0,0,rule
7,17,6,23,3,0,25.55,22.05,22.76,22.92,22.11,21.59,22.29,-1.035,0.1187,15.0,30.0,0,rule
7,17,6,35,3,0,26.1,21.55,22.0,22.64,21.09,21.24,21.7,-1.104,1.127,15.0,30.0,0,rule
7,17,6,53,3,0,26.65,21.27,21.8,22.59,20.66,20.97,21.46,-1.145,1.1384,15.0,30.0,0,rule
7,17,6,60,3,0,27.2,21.18,21.95,22.72,20.58,20.82,21.45,-1.138,1.1582,15.0,30.0,0,rule
7,17,7,15,3,0,27.75,21.2,22.21,22.93,20.6,20.78,21.54,-1.11,1.1741,21.1,25.5,0,rule
7,17,7,38,3,0,28.3,21.25,22.49,23.12,21.08,21.1,21.81,-1.049,1.1926,21.1,25.5,0,rule
7,17,7,53,3,0,28.85,21.35,22.85,23.37,21.1,21.1,21.96,-0.995,1.2137,21.1,25.5,0,rule
7,17,7,68,3,0,29.4,21.48,23.21,23.59,21.1,21.1,22.09,-0.949,1.2349,21.1,25.5,0,rule
7,17,8,23,3,1,29.82,21.61,23.55,23.75,21.1,21.1,22.22,-0.905,1.2564,21.1,26.5,0,rule
7,17,8,34,3,1,30.25,22.67,24.57,24.75,21.81,22.11,23.18,-0.662,3.3315,21.1,26.5,0,rule
7,17,8,49,3,1,30.68,23.58,25.49,25.57,22.42,23.14,24.04,-0.431,3.3379,21.1,26.5,0,rule
7,17,8,65,3,1,31.1,24.03,26.07,25.91,22.79,23.56,24.47,-0.293,3.3408,21.1,26.5,0,rule
7,17,9,23,3,1,31.25,24.39,26.46,26.15,23.1,23.86,24.79,-0.184,3.3455,21.1,26.5,0,rule
7,17,9,35,3,1,31.4,25.03,26.5,26.47,23.66,24.43,25.22,-0.063,4.1195,21.1,26.5,0,rule
7,17,9,53,3,1,31.55,25.51,26.5,26.5,24.06,24.9,25.49,0.032,4.1561,21.1,26.5,0,rule
7,17,9,68,3,1,31.7,25.9,26.5,26.5,24.36,25.26,25.7,0.104,4.1775,21.1,26.5,0,rule
7,17,10,23,3,1,31.82,26.16,26.5,26.5,24.58,25.49,25.85,0.159,4.1981,21.1,26.5,0,rule
7,17,10,38,3,1,31.95,26.4,26.5,26.5,24.79,25.7,25.98,0.209,4.3138,21.1,26.5,0,rule
7,17,10,53,3,1,32.08,26.5,26.5,26.5,24.97,25.88,26.07,0.247,4.3479,21.1,26.5,0,rule
7,17,10,68,3,1,32.2,26.5,26.5,26.5,25.14,26.04,26.13,0.275,4.3783,21.1,26.5,0,rule
7,17,11,15,3,1,32.48,26.5,26.5,26.5,25.29,26.17,26.19,0.299,4.4051,21.1,26.5,0,rule
7,17,11,30,3,1,32.75,26.5,26.5,26.5,25.35,26.21,26.21,0.308,4.3091,21.1,26.5,0,rule
7,17,11,45,3,1,33.02,26.5,26.5,26.5,25.42,26.23,26.23,0.315,4.3284,21.1,26.5,0,rule
7,17,11,60,3,1,33.3,26.5,26.5,26.5,25.52,26.29,26.26,0.323,4.3461,21.1,26.5,0,rule
7,17,12,15,3,1,33.3,26.5,26.5,26.5,25.61,26.36,26.29,0.331,4.3597,21.1,26.5,0,rule
7,17,12,30,3,1,33.3,26.5,26.5,26.5,25.54,26.25,26.26,0.312,4.0114,21.1,26.5,0,rule
7,17,12,45,3,1,33.3,26.5,26.5,26.5,25.47,26.14,26.22,0.296,3.9953,21.1,26.5,0,rule
7,17,12,60,3,1,33.3,26.5,26.5,26.5,25.47,26.08,26.21,0.283,3.9802,21.1,26.5,0,rule
7,17,13,15,3,1,33.3,26.5,26.5,26.5,25.51,26.07,26.21,0.279,3.9658,21.1,26.5,0,rule
7,17,13,30,3,1,33.3,26.5,26.5,26.5,25.74,26.27,26.3,0.305,4.1953,21.1,26.5,0,rule
7,17,13,45,3,1,33.3,26.5,26.5,26.5,25.98,26.47,26.39,0.331,4.1877,21.1,26.5,0,rule
7,17,13,60,3,1,33.3,26.5,26.5,26.5,26.17,26.5,26.43,0.352,4.2003,21.1,26.5,0,rule
7,17,14,15,3,1,33.45,26.5,26.5,26.5,26.37,26.5,26.47,0.371,4.1926,21.1,26.5,0,rule
7,17,14,30,3,1,33.6,26.5,26.5,26.5,26.48,26.5,26.49,0.395,4.3179,21.1,26.5,0,rule
7,17,14,45,3,1,33.75,26.5,26.5,26.5,26.5,26.5,26.5,0.411,4.3735,21.1,26.5,0,rule
7,17,14,60,3,1,33.9,26.5,26.5,26.5,26.5,26.5,26.5,0.422,4.4183,21.1,26.5,0,rule
7,17,15,15,3,1,33.75,26.5,26.5,26.5,26.5,26.5,26.5,0.43,4.4598,21.1,26.5,0,rule
7,17,15,30,3,1,33.6,26.5,26.46,26.5,26.5,26.5,26.49,0.432,4.2794,21.1,26.5,0,rule
7,17,15,45,3,1,33.45,26.5,26.4,26.5,26.5,26.5,26.48,0.433,4.258,21.1,26.5,0,rule
7,17,15,60,3,1,33.3,26.5,26.33,26.5,26.5,26.5,26.46,0.428,4.2295,21.1,26.5,0,rule
7,17,16,15,3,1,33.17,26.5,26.27,26.5,26.5,26.5,26.45,0.423,4.2004,21.1,26.5,0,rule
7,17,16,30,3,1,33.05,26.5,26.09,26.5,26.5,26.46,26.41,0.41,3.8668,21.1,26.5,0,rule
7,17,16,45,3,1,32.92,26.5,25.93,26.5,26.5,26.41,26.37,0.397,3.8496,21.1,26.5,0,rule
7,17,16,60,3,1,32.8,26.5,25.82,26.5,26.5,26.38,26.34,0.384,3.8312,21.1,26.5,0,rule
7,17,17,15,3,1,32.38,26.5,25.7,26.5,26.5,26.36,26.31,0.368,3.8099,21.1,27.0,0,rule
7,17,17,38,3,1,31.95,26.69,25.58,26.72,26.88,26.34,26.44,0.377,3.69,21.1,27.0,0,rule
7,17,17,45,3,1,31.53,26.76,25.43,26.82,27.0,26.32,26.46,0.372,3.6726,21.1,27.0,0,rule
7,17,17,60,3,1,31.1,26.69,25.29,26.76,26.92,26.3,26.39,0.347,3.6547,21.1,27.0,0,rule
7,17,18,15,3,0,31.1,26.55,25.15,26.63,26.69,26.27,26.26,0.305,3.6397,15.0,30.0,0,rule
7,17,18,35,3,0,31.1,26.05,24.64,26.13,26.08,25.78,25.74,0.166,2.6394,15.0,30.0,0,rule
7,17,18,50,3,0,31.1,25.58,24.22,25.67,25.45,25.25,25.24,0.021,2.6376,15.0,30.0,0,rule
7,17,18,68,3,0,31.1,25.32,23.97,25.4,25.03,25.0,24.94,-0.074,2.6358,15.0,30.0,0,rule
7,17,19,23,3,0,30.68,25.1,23.75,25.18,24.67,24.82,24.7,-0.157,2.6332,15.0,30.0,0,rule
7,17,19,38,3,0,30.25,24.62,23.27,24.68,24.07,24.34,24.2,-0.309,1.8682,15.0,30.0,0,rule
7,17,19,53,3,0,29.82,24.14,22.83,24.19,23.47,23.83,23.69,-0.461,1.8518,15.0,30.0,0,rule
7,17,19,68,3,0,29.4,23.82,22.54,23.87,23.05,23.53,23.36,-0.571,1.8335,15.0,30.0,0,rule
7,17,20,23,3,0,29.4,23.55,22.29,23.59,22.69,23.29,23.08,-0.664,1.8156,15.0,30.0,0,rule
7,17,20,35,3,0,29.4,23.87,23.06,23.87,23.35,23.34,23.5,-0.634,0.4,15.0,30.0,0,rule
7,17,20,50,3,0,29.4,24.14,23.64,24.11,23.96,23.43,23.86,-0.581,0.4,15.0,30.0,0,rule
7,17,20,60,3,0,29.4,24.19,23.8,24.14,24.18,23.44,23.95,-0.571,0.4,15.0,30.0,0,rule
7,17,21,15,3,0,28.72,24.12,23.77,24.07,24.15,23.39,23.9,-0.585,0.4,15.0,30.0,0,rule
7,17,21,30,3,0,28.05,24.0,23.7,23.95,24.03,23.28,23.79,-0.62,0.1187,15.0,30.0,0,rule
7,17,21,45,3,0,27.38,23.83,23.58,23.77,23.88,23.13,23.64,-0.661,0.1187,15.0,30.0,0,rule
7,17,21,60,3,0,26.7,23.66,23.46,23.61,23.73,22.98,23.49,-0.701,0.1187,15.0,30.0,0,rule
7,17,22,15,3,0,26.55,23.52,23.36,23.46,23.59,22.87,23.36,-0.738,0.1187,15.0,30.0,0,rule
7,17,22,30,3,0,26.4,23.39,23.26,23.34,23.47,22.78,23.25,-0.77,0.1187,15.0,30.0,0,rule
7,17,22,45,3,0,26.25,23.28,23.17,23.23,23.35,22.7,23.15,-0.8,0.1187,15.0,30.0,0,rule
7,17,22,60,3,0,26.1,23.18,23.09,23.13,23.24,22.62,23.05,-0.828,0.1187,15.0,30.0,0,rule
7,17,23,15,3,0,26.1,23.09,23.0,23.03,23.14,22.55,22.96,-0.854,0.1187,15.0,30.0,0,rule
7,17,23,30,3,0,26.1,23.0,22.93,22.94,23.05,22.48,22.88,-0.879,0.1187,15.0,30.0,0,rule
7,17,23,45,3,0,26.1,22.93,22.85,22.87,22.96,22.41,22.8,-0.901,0.1187,15.0,30.0,0,rule
7,17,23,60,3,0,26.1,22.86,22.79,22.8,22.88,22.35,22.73,-0.922,0.1187,15.0,30.0,0,rule
7,18,0,15,4,0,25.98,22.79,22.73,22.73,22.8,22.29,22.67,-0.941,0.1187,15.0,30.0,0,rule
7,18,0,30,4,0,25.85,22.73,22.66,22.67,22.73,22.24,22.61,-0.959,0.1187,15.0,30.0,0,rule
7,18,0,45,4,0,25.73,22.67,22.6,22.61,22.66,22.19,22.55,-0.977,0.1187,15.0,30.0,0,rule
7,18,0,60,4,0,25.6,22.61,22.55,22.55,22.6,22.14,22.49,-0.995,0.1187,15.0,30.0,0,rule
7,18,1,15,4,0,25.45,22.55,22.49,22.49,22.54,22.09,22.43,-1.011,0.1187,15.0,30.0,0,rule
7,18,1,30,4,0,25.3,22.49,22.44,22.43,22.48,22.05,22.38,-1.027,0.1187,15.0,30.0,0,rule
7,18,1,45,4,0,25.15,22.44,22.39,22.38,22.42,22.01,22.33,-1.043,0.1187,15.0,30.0,0,rule
7,18,1,60,4,0,25.0,22.39,22.33,22.32,22.36,21.97,22.27,-1.058,0.1187,15.0,30.0,0,rule
7,18,2,15,4,0,25.0,22.33,22.28,22.27,22.31,21.93,22.23,-1.072,0.1187,15.0,30.0,0,rule
7,18,2,30,4,0,25.0,22.29,22.24,22.23,22.26,21.9,22.18,-1.085,0.1187,15.0,30.0,0,rule
7,18,2,45,4,0,25.0,22.25,22.19,22.18,22.21,21.86,22.14,-1.097,0.1187,15.0,30.0,0,rule
7,18,2,60,4,0,25.0,22.21,22.16,22.15,22.17,21.83,22.1,-1.109,0.1187,15.0,30.0,0,rule
7,18,3,15,4,0,24.85,22.17,22.12,22.11,22.13,21.8,22.07,-1.119,0.1187,15.0,30.0,0,rule
7,18,3,30,4,0,24.7,22.14,22.08,22.07,22.1,21.77,22.03,-1.13,0.1187,15.0,30.0,0,rule
7,18,3,45,4,0,24.55,22.1,22.04,22.03,22.06,21.74,21.99,-1.141,0.1187,15.0,30.0,0,rule
7,18,3,60,4,0,24.4,22.06,22.01,22.0,22.02,21.71,21.96,-1.152,0.1187,15.0,30.0,0,rule
7,18,4,15,4,0,24.27,22.02,21.97,21.96,21.98,21.68,21.92,-1.162,0.1187,15.0,30.0,0,rule
7,18,4,30,4,0,24.15,21.98,21.93,21.92,21.94,21.66,21.89,-1.172,0.1187,15.0,30.0,0,rule
7,18,4,45,4,0,24.02,21.94,21.9,21.88,21.9,21.63,21.85,-1.182,0.1187,15.0,30.0,0,rule
7,18,4,60,4,0,23.9,21.92,21.93,21.96,21.89,21.61,21.86,-1.174,0.1187,15.0,30.0,0,rule
7,18,5,15,4,0,24.32,21.91,22.03,22.11,21.89,21.59,21.91,-1.159,0.1187,15.0,30.0,0,rule
7,18,5,30,4,0,24.75,21.93,22.17,22.29,21.92,21.58,21.98,-1.137,0.1187,15.0,30.0,0,rule
7,18,5,45,4,0,25.18,21.96,22.33,22.48,21.97,21.58,22.06,-1.111,0.1187,15.0,30.0,0,rule
7,18,5,60,4,0,25.6,22.02,22.58,22.76,22.04,21.58,22.2,-1.066,0.1187,15.0,30.0,0,rule
7,18,6,23,4,0,26.0,22.09,22.89,23.08,22.13,21.59,22.36,-1.016,0.1187,15.0,30.0,0,rule
7,18,6,35,4,0,26.4,21.59,22.11,22.79,21.09,21.24,21.76,-1.089,1.0918,15.0,30.0,0,rule
7,18,6,53,4,0,26.8,21.3,21.94,22.76,20.66,20.97,21.52,-1.125,1.0988,15.0,30.0,0,rule
7,18,6,60,4,0,27.2,21.2,22.13,22.92,20.57,20.82,21.53,-1.114,1.1067,15.0,30.0,0,rule
7,18,7,23,4,0,27.62,21.22,22.42,23.13,20.57,20.78,21.62,-1.083,1.1125,21.1,25.5,0,rule
7,18,7,38,4,0,28.05,21.28,22.77,23.38,21.08,21.1,21.92,-1.015,1.1256,21.1,25.5,0,rule
7,18,7,53,4,0,28.47,21.37,23.13,23.59,21.1,21.1,22.06,-0.967,1.1378,21.1,25.5,0,rule
7,18,7,68,4,0,28.9,21.47,23.48,23.77,21.1,21.1,22.18,-0.925,1.1502,21.1,25.5,0,rule
7,18,8,23,4,1,29.17,21.58,23.82,23.9,21.1,21.1,22.3,-0.887,1.1622,21.1,26.5,0,rule
7,18,8,34,4,1,29.45,22.64,24.81,24.86,21.77,22.11,23.24,-0.649,3.2449,21.1,26.5,0,rule
7,18,8,49,4,1,29.73,23.52,25.7,25.63,22.35,23.16,24.07,-0.425,3.2615,21.1,26.5,0,rule
7,18,8,65,4,1,30.0,23.96,26.27,25.95,22.71,23.58,24.5,-0.291,3.2747,21.1,26.5,0,rule
7,18,9,23,4,1,30.43,24.31,26.49,26.16,23.0,23.88,24.77,-0.192,3.2941,21.1,26.5,0,rule
7,18,9,35,4,1,30.85,24.94,26.5,26.47,23.55,24.45,25.18,-0.073,4.064,21.1,26.5,0,rule
7,18,9,53,4,1,31.27,25.44,26.5,26.5,23.95,24.91,25.46,0.021,4.1082,21.1,26.5,0,rule
7,18,9,68,4,1,31.7,25.83,26.5,26.5,24.25,25.27,25.67,0.094,4.1388,21.1,26.5,0,rule
7,18,10,23,4,1,31.82,26.1,26.5,26.5,24.47,25.5,25.81,0.15,4.1662,21.1,26.5,0,rule
7,18,10,38,4,1,31.95,26.35,26.5,26.5,24.68,25.7,25.95,0.2,4.2889,21.1,26.5,0,rule
7,18,10,53,4,1,32.08,26.49,26.5,26.5,24.86,25.88,26.05,0.239,4.3254,21.1,26.5,0,rule
7,18,10,68,4,1,32.2,26.5,26.5,26.5,25.01,26.04,26.11,0.266,4.3623,21.1,26.5,0,rule
7,18,11,15,4,1,32.48,26.5,26.5,26.5,25.15,26.17,26.16,0.287,4.3941,21.1,26.5,0,rule
7,18,11,30,4,1,32.75,26.5,26.5,26.5,25.19,26.2,26.18,0.292,4.2956,21.1,26.5,0,rule
7,18,11,45,4,1,33.02,26.5,26.5,26.5,25.24,26.23,26.19,0.297,4.3114,21.1,26.5,0,rule
7,18,11,60,4,1,33.3,26.5,26.5,26.5,25.31,26.28,26.22,0.301,4.3242,21.1,26.5,0,rule
7,18,12,15,4,1,33.3,26.5,26.5,26.5,25.39,26.35,26.25,0.306,4.3343,21.1,26.5,0,rule
7,18,12,30,4,1,33.3,26.5,26.5,26.5,25.3,26.24,26.21,0.284,3.992,21.1,26.5,0,rule
7,18,12,45,4,1,33.3,26.5,26.5,26.5,25.22,26.13,26.17,0.266,3.9829,21.1,26.5,0,rule
7,18,12,60,4,1,33.3,26.5,26.5,26.5,25.21,26.07,26.15,0.253,3.9774,21.1,26.5,0,rule
7,18,13,15,4,1,33.3,26.5,26.45,26.5,25.25,26.04,26.15,0.247,3.9767,21.1,26.5,0,rule
7,18,13,30,4,1,33.3,26.5,26.49,26.5,25.49,26.24,26.24,0.274,4.2211,21.1,26.5,0,rule
7,18,13,45,4,1,33.3,26.5,26.5,26.5,25.74,26.44,26.34,0.303,4.2367,21.1,26.5,0,rule
7,18,13,60,4,1,33.3,26.5,26.49,26.5,25.95,26.5,26.39,0.325,4.2622,21.1,26.5,0,rule
7,18,14,15,4,1,33.3,26.5,26.46,26.5,26.16,26.5,26.42,0.344,4.278,21.1,26.5,0,rule
7,18,14,30,4,1,33.3,26.5,26.45,26.5,26.44,26.5,26.48,0.373,4.342,21.1,26.5,0,rule
7,18,14,45,4,1,33.3,26.5,26.44,26.5,26.49,26.5,26.48,0.391,4.3496,21.1,26.5,0,rule
7,18,14,60,4,1,33.3,26.5,26.42,26.5,26.5,26.5,26.48,0.404,4.344,21.1,26.5,0,rule
7,18,15,15,4,1,33.45,26.5,26.39,26.5,26.5,26.5,26.48,0.413,4.338,21.1,26.5,0,rule
7,18,15,30,4,1,33.6,26.5,26.31,26.5,26.5,26.5,26.46,0.418,4.2069,21.1,26.5,0,rule
7,18,15,45,4,1,33.75,26.5,26.23,26.5,26.5,26.5,26.44,0.421,4.2348,21.1,26.5,0,rule
7,18,15,60,4,1,33.9,26.5,26.18,26.5,26.5,26.5,26.43,0.423,4.2613,21.1,26.5,0,rule
7,18,16,15,4,1,33.47,26.5,26.13,26.5,26.5,26.5,26.42,0.424,4.2847,21.1,26.5,0,rule
7,18,16,30,4,1,33.05,26.5,25.96,26.5,26.5,26.45,26.38,0.414,3.9515,21.1,26.5,0,rule
7,18,16,45,4,1,32.62,26.5,25.81,26.5,26.5,26.41,26.34,0.404,3.9315,21.1,26.5,0,rule
7,18,16,60,4,1,32.2,26.5,25.69,26.5,26.5,26.38,26.31,0.392,3.9088,21.1,26.5,0,rule
7,18,17,15,4,1,32.08,26.5,25.59,26.5,26.5,26.37,26.29,0.379,3.882,21.1,27.0,0,rule
7,18,17,38,4,1,31.95,26.73,25.48,26.69,26.97,26.35,26.44,0.396,3.7694,21.1,27.0,0,rule
7,18,17,45,4,1,31.82,26.84,25.37,26.78,27.0,26.34,26.47,0.395,3.7681,21.1,27.0,0,rule
7,18,17,60,4,1,31.7,26.79,25.26,26.75,27.0,26.32,26.42,0.374,3.7419,21.1,27.0,0,rule
7,18,18,15,4,0,31.42,26.68,25.15,26.65,27.0,26.3,26.35,0.347,3.7278,15.0,30.0,0,rule
7,18,18,38,4,0,31.15,26.19,24.66,26.17,26.6,25.82,25.89,0.219,2.714,15.0,30.0,0,rule
7,18,18,53,4,0,30.88,25.71,24.23,25.7,26.06,25.29,25.4,0.079,2.7047,15.0,30.0,0,rule
7,18,18,68,4,0,30.6,25.44,23.99,25.44,25.65,25.05,25.11,-0.018,2.6949,15.0,30.0,0,rule
7,18,19,23,4,0,30.3,25.2,23.76,25.21,25.26,24.88,24.86,-0.105,2.6839,15.0,30.0,0,rule
7,18,19,35,4,0,30.0,24.71,23.27,24.71,24.6,24.41,24.34,-0.262,1.92,15.0,30.0,0,rule
7,18,19,50,4,0,29.7,24.21,22.83,24.22,23.91,23.88,23.81,-0.423,1.9053,15.0,30.0,0,rule
7,18,19,68,4,0,29.4,23.89,22.55,23.9,23.43,23.58,23.47,-0.535,1.8914,15.0,30.0,0,rule
7,18,20,23,4,0,29.27,23.61,22.3,23.62,23.01,23.33,23.17,-0.633,1.877,15.0,30.0,0,rule
7,18,20,35,4,0,29.15,23.93,23.07,23.9,23.66,23.38,23.59,-0.604,0.4,15.0,30.0,0,rule
7,18,20,50,4,0,29.02,24.2,23.66,24.15,24.26,23.47,23.95,-0.552,0.4,15.0,30.0,0,rule
7,18,20,60,4,0,28.9,24.24,23.82,24.18,24.45,23.49,24.03,-0.544,0.4,15.0,30.0,0,rule
7,18,21,15,4,0,28.47,24.16,23.79,24.1,24.39,23.43,23.98,-0.561,0.4,15.0,30.0,0,rule
7,18,21,30,4,0,28.05,24.04,23.72,23.98,24.25,23.32,23.86,-0.598,0.1187,15.0,30.0,0,rule
7,18,21,45,4,0,27.62,23.87,23.6,23.81,24.07,23.16,23.7,-0.639,0.1187,15.0,30.0,0,rule
7,18,21,60,4,0,27.2,23.71,23.49,23.65,23.91,23.02,23.56,-0.679,0.1187,15.0,30.0,0,rule
7,18,22,15,4,0,27.07,23.58,23.4,23.51,23.76,22.9,23.43,-0.716,0.1187,15.0,30.0,0,rule
7,18,22,30,4,0,26.95,23.46,23.31,23.4,23.63,22.81,23.32,-0.747,0.1187,15.0,30.0,0,rule
7,18,22,45,4,0,26.82,23.36,23.23,23.3,23.51,22.73,23.23,-0.776,0.1187,15.0,30.0,0,rule
7,18,22,60,4,0,26.7,23.27,23.15,23.21,23.4,22.65,23.14,-0.802,0.1187,15.0,30.0,0,rule
7,18,23,15,4,0,26.55,23.18,23.08,23.12,23.29,22.58,23.05,-0.827,0.1187,15.0,30.0,0,rule
7,18,23,30,4,0,26.4,23.1,23.01,23.04,23.19,22.51,22.97,-0.851,0.1187,15.0,30.0,0,rule
7,18,23,45,4,0,26.25,23.02,22.93,22.96,23.1,22.44,22.89,-0.875,0.1187,15.0,30.0,0,rule
7,18,23,60,4,0,26.1,22.94,22.87,22.89,23.01,22.38,22.82,-0.897,0.1187,15.0,30.0,0,rule
7,19,0,15,5,0,25.98,22.87,22.8,22.82,22.92,22.33,22.75,-0.918,0.1187,15.0,30.0,0,rule
7,19,0,30,5,0,25.85,22.91,22.84,22.86,22.95,22.41,22.8,-0.916,0.3438,15.0,30.0,0,rule
7,19,0,45,5,0,25.73,22.95,22.87,22.9,22.96,22.51,22.84,-0.914,0.3438,15.0,30.0,0,rule
7,19,0,60,5,0,25.6,22.94,22.86,22.89,22.94,22.54,22.83,-0.918,0.3438,15.0,30.0,0,rule
7,19,1,15,5,0,25.3,22.9,22.82,22.86,22.89,22.54,22.8,-0.927,0.3438,15.0,30.0,0,rule
7,19,1,30,5,0,25.0,22.86,22.78,22.82,22.85,22.52,22.77,-0.938,0.3438,15.0,30.0,0,rule
7,19,1,45,5,0,24.7,22.82,22.74,22.77,22.8,22.5,22.73,-0.95,0.3438,15.0,30.0,0,rule
7,19,1,60,5,0,24.4,22.77,22.7,22.73,22.75,22.48,22.69,-0.963,0.3438,15.0,30.0,0,rule
7,19,2,15,5,0,24.4,22.72,22.66,22.68,22.7,22.46,22.64,-0.976,0.3438,15.0,30.0,0,rule
7,19,2,30,5,0,24.4,22.67,22.62,22.63,22.65,22.44,22.6,-0.987,0.3438,15.0,30.0,0,rule
7,19,2,45,5,0,24.4,22.64,22.58,22.6,22.61,22.42,22.57,-0.998,0.3438,15.0,30.0,0,rule
7,19,2,60,5,0,24.4,22.6,22.55,22.56,22.57,22.39,22.54,-1.007,0.3438,15.0,30.0,0,rule
7,19,3,15,5,0,24.27,22.57,22.52,22.53,22.54,22.37,22.51,-1.016,0.3438,15.0,30.0,0,rule
7,19,3,30,5,0,24.15,22.54,22.48,22.5,22.5,22.35,22.47,-1.026,0.3438,15.0,30.0,0,rule
7,19,3,45,5,0,24.02,22.5,22.45,22.46,22.46,22.32,22.44,-1.036,0.3438,15.0,30.0,0,rule
7,19,3,60,5,0,23.9,22.47,22.41,22.43,22.43,22.29,22.41,-1.046,0.3438,15.0,30.0,0,rule
7,19,4,15,5,0,23.75,22.43,22.38,22.39,22.39,22.27,22.37,-1.056,0.3438,15.0,30.0,0,rule
7,19,4,30,5,0,23.6,22.4,22.34,22.36,22.36,22.24,22.34,-1.065,0.3438,15.0,30.0,0,rule
7,19,4,45,5,0,23.45,22.36,22.31,22.32,22.32,22.22,22.31,-1.075,0.3438,15.0,30.0,0,rule
7,19,4,60,5,0,23.3,22.34,22.36,22.41,22.31,22.2,22.32,-1.064,0.3438,15.0,30.0,0,rule
7,19,5,15,5,0,23.58,22.34,22.49,22.62,22.32,22.18,22.39,-1.04,0.3438,15.0,30.0,0,rule
7,19,5,30,5,0,23.85,22.36,22.68,22.87,22.36,22.17,22.49,-1.011,0.3438,15.0,30.0,0,rule
7,19,5,45,5,0,24.12,22.39,22.88,23.11,22.42,22.16,22.59,-0.979,0.3438,15.0,30.0,0,rule
7,19,5,60,5,0,24.4,22.45,23.14,23.38,22.5,22.16,22.73,-0.936,0.3438,15.0,30.0,0,rule
7,19,6,23,5,0,25.1,22.52,23.5,23.73,22.59,22.17,22.9,-0.878,0.3438,15.0,30.0,0,rule
7,19,6,38,5,0,25.8,22.64,23.99,24.2,22.73,22.2,23.15,-0.804,0.3438,15.0,30.0,0,rule
7,19,6,53,5,0,26.5,22.78,24.57,24.7,22.89,22.23,23.43,-0.715,0.3438,15.0,30.0,0,rule
7,19,6,68,5,0,27.2,22.94,25.14,25.15,23.06,22.27,23.71,-0.636,0.3438,15.0,30.0,0,rule
7,19,7,23,5,0,27.47,23.11,25.65,25.5,23.24,22.32,23.96,-0.563,0.3438,15.0,30.0,0,rule
7,19,7,38,5,0,27.75,23.27,26.13,25.77,23.42,22.38,24.2,-0.496,0.3438,15.0,30.0,0,rule
7,19,7,53,5,0,28.03,23.42,26.57,25.99,23.6,22.45,24.41,-0.435,0.3438,15.0,30.0,0,rule
7,19,7,68,5,0,28.3,23.57,26.91,26.12,23.77,22.51,24.58,-0.387,0.3438,15.0,30.0,0,rule
7,19,8,15,5,0,28.88,23.72,27.2,26.21,23.95,22.58,24.73,-0.343,0.3438,15.0,30.0,0,rule
7,19,8,30,5,0,29.45,23.87,27.46,26.27,24.13,22.64,24.87,-0.301,0.3438,15.0,30.0,0,rule
7,19,8,45,5,0,30.03,24.03,27.69,26.32,24.31,22.7,25.01,-0.261,0.3438,15.0,30.0,0,rule
7,19,8,60,5,0,30.6,24.21,27.92,26.38,24.51,22.77,25.16,-0.218,0.3438,15.0,30.0,0,rule
7,19,9,15,5,0,30.88,24.4,28.15,26.44,24.72,22.83,25.31,-0.172,0.3438,15.0,30.0,0,rule
7,19,9,30,5,0,31.15,24.59,28.33,26.5,24.94,22.89,25.45,-0.133,0.3438,15.0,30.0,0,rule
7,19,9,45,5,0,31.42,24.76,28.48,26.55,25.16,22.96,25.58,-0.092,0.3438,15.0,30.0,0,rule
7,19,9,60,5,0,31.7,24.94,28.63,26.6,25.38,23.03,25.71,-0.054,0.3438,15.0,30.0,0,rule
7,19,10,15,5,0,31.97,25.11,28.76,26.65,25.58,23.1,25.84,-0.017,0.3438,15.0,30.0,0,rule
7,19,10,30,5,0,32.25,25.29,28.88,26.72,25.78,23.17,25.97,0.021,0.3438,15.0,30.0,0,rule
7,19,10,45,5,0,32.52,25.46,28.99,26.81,25.99,23.24,26.1,0.06,0.3438,15.0,30.0,0,rule
7,19,10,60,5,0,32.8,25.62,29.04,26.9,26.16,23.32,26.21,0.089,0.3438,15.0,30.0,0,rule
7,19,11,15,5,0,32.8,25.76,29.03,26.97,26.32,23.39,26.29,0.112,0.3438,15.0,30.0,0,rule
7,19,11,30,5,0,32.8,25.87,28.97,27.02,26.44,23.47,26.35,0.129,0.3438,15.0,30.0,0,rule
7,19,11,45,5,0,32.8,25.97,28.87,27.05,26.55,23.53,26.4,0.14,0.3438,15.0,30.0,0,rule
7,19,11,60,5,0,32.8,26.07,28.78,27.08,26.64,23.6,26.43,0.152,0.3438,15.0,30.0,0,rule
7,19,12,15,5,0,32.92,26.18,28.71,27.12,26.73,23.66,26.48,0.166,0.3438,15.0,30.0,0,rule
7,19,12,30,5,0,33.05,26.29,28.62,27.17,26.84,23.71,26.53,0.182,0.3438,15.0,30.0,0,rule
7,19,12,45,5,0,33.17,26.42,28.51,27.23,26.93,23.77,26.57,0.193,0.3438,15.0,30.0,0,rule
7,19,12,60,5,0,33.3,26.52,28.36,27.26,27.0,23.82,26.59,0.198,0.3438,15.0,30.0,0,rule
7,19,13,15,5,0,33.57,26.59,28.22,27.27,27.08,23.87,26.61,0.203,0.3438,15.0,30.0,0,rule
7,19,13,30,5,0,33.85,26.66,28.09,27.28,27.18,23.91,26.62,0.209,0.3438,15.0,30.0,0,rule
7,19,13,45,5,0,34.12,26.71,27.99,27.27,27.31,23.96,26.65,0.216,0.3438,15.0,30.0,0,rule
7,19,13,60,5,0,34.4,26.77,27.9,27.28,27.49,24.0,26.69,0.231,0.3438,15.0,30.0,0,rule
7,19,14,15,5,0,34.55,26.85,27.83,27.3,27.72,24.04,26.75,0.25,0.3438,15.0,30.0,0,rule
7,19,14,30,5,0,34.7,26.93,27.78,27.33,28.0,24.07,26.82,0.273,0.3438,15.0,30.0,0,rule
7,19,14,53,5,0,34.85,27.01,27.74,27.35,28.3,24.11,26.9,0.299,0.3438,15.0,30.0,0,rule
7,19,14,68,5,0,35.0,27.08,27.69,27.37,28.64,24.15,26.98,0.322,0.3438,15.0,30.0,0,rule
7,19,15,15,5,0,34.73,27.13,27.63,27.36,28.94,24.19,27.05,0.34,0.3438,15.0,30.0,0,rule
7,19,15,30,5,0,34.45,27.15,27.55,27.33,29.18,24.22,27.08,0.35,0.3438,15.0,30.0,0,rule
7,19,15,45,5,0,34.17,27.14,27.46,27.27,29.37,24.25,27.1,0.353,0.3438,15.0,30.0,0,rule
7,19,15,60,5,0,33.9,27.12,27.36,27.2,29.57,24.28,27.11,0.358,0.3438,15.0,30.0,0,rule
7,19,16,15,5,0,33.62,27.11,27.28,27.14,29.77,24.3,27.12,0.363,0.3438,15.0,30.0,0,rule
7,19,16,30,5,0,33.35,27.07,27.19,27.08,29.93,24.31,27.12,0.361,0.3438,15.0,30.0,0,rule
7,19,16,45,5,0,33.07,27.02,27.1,27.01,30.08,24.32,27.11,0.359,0.3438,15.0,30.0,0,rule
7,19,16,60,5,0,32.8,26.94,26.99,26.92,30.12,24.33,27.06,0.341,0.3438,15.0,30.0,0,rule
7,19,17,15,5,0,32.52,26.82,26.87,26.81,29.98,24.33,26.96,0.306,0.3438,15.0,30.0,0,rule
7,19,17,30,5,0,32.25,26.67,26.73,26.68,29.71,24.33,26.82,0.263,0.3438,15.0,30.0,0,rule
7,19,17,53,5,0,31.97,26.52,26.58,26.55,29.33,24.31,26.66,0.209,0.3438,15.0,30.0,0,rule
7,19,17,68,5,0,31.7,26.32,26.4,26.38,28.86,24.28,26.45,0.147,0.3438,15.0,30.0,0,rule
7,19,18,23,5,0,31.42,26.14,26.21,26.19,28.41,24.25,26.24,0.082,0.3438,15.0,30.0,0,rule
7,19,18,38,5,0,31.15,25.94,26.01,25.99,27.93,24.2,26.01,0.013,0.3438,15.0,30.0,0,rule
7,19,18,53,5,0,30.88,25.73,25.78,25.76,27.45,24.14,25.77,-0.059,0.3438,15.0,30.0,0,rule
7,19,18,68,5,0,30.6,25.54,25.57,25.56,27.02,24.08,25.55,-0.122,0.3438,15.0,30.0,0,rule
7,19,19,23,5,0,29.35,25.37,25.39,25.38,26.65,24.01,25.36,-0.179,0.3438,15.0,30.0,0,rule
7,19,19,38,5,0,28.1,25.18,25.2,25.19,26.29,23.94,25.16,-0.239,0.3438,15.0,30.0,0,rule
7,19,19,53,5,0,26.85,24.96,24.99,24.97,25.93,23.87,24.94,-0.302,0.3438,15.0,30.0,0,rule
7,19,19,68,5,0,25.6,24.74,24.78,24.75,25.59,23.79,24.73,-0.364,0.3438,15.0,30.0,0,rule
7,19,20,23,5,0,25.45,24.52,24.58,24.53,25.28,23.72,24.53,-0.424,0.3438,15.0,30.0,0,rule
7,19,20,30,5,0,25.3,24.33,24.39,24.34,25.0,23.64,24.34,-0.476,0.3438,15.0,30.0,0,rule
7,19,20,45,5,0,25.15,24.18,24.24,24.18,24.76,23.57,24.19,-0.521,0.3438,15.0,30.0,0,rule
7,19,20,60,5,0,25.0,24.04,24.09,24.04,24.55,23.49,24.04,-0.563,0.3438,15.0,30.0,0,rule
7,19,21,15,5,0,24.85,23.9,23.96,23.91,24.35,23.42,23.91,-0.602,0.3438,15.0,30.0,0,rule
7,19,21,30,5,0,24.7,23.78,23.83,23.78,24.17,23.35,23.78,-0.64,0.3438,15.0,30.0,0,rule
7,19,21,45,5,0,24.55,23.66,23.71,23.66,24.0,23.28,23.66,-0.675,0.3438,15.0,30.0,0,rule
7,19,21,60,5,0,24.4,23.55,23.59,23.55,23.85,23.21,23.55,-0.708,0.3438,15.0,30.0,0,rule
7,19,22,15,5,0,24.4,23.45,23.48,23.44,23.71,23.15,23.44,-0.739,0.3438,15.0,30.0,0,rule
7,19,22,30,5,0,24.4,23.36,23.38,23.35,23.58,23.08,23.35,-0.767,0.3438,15.0,30.0,0,rule
7,19,22,45,5,0,24.4,23.27,23.29,23.26,23.46,23.02,23.26,-0.792,0.3438,15.0,30.0,0,rule
7,19,22,60,5,0,24.4,23.2,23.21,23.19,23.36,22.96,23.18,-0.816,0.3438,15.0,30.0,0,rule
7,19,23,15,5,0,24.55,23.13,23.14,23.12,23.26,22.9,23.11,-0.838,0.3438,15.0,30.0,0,rule
7,19,23,30,5,0,24.7,23.06,23.07,23.05,23.18,22.85,23.04,-0.858,0.3438,15.0,30.0,0,rule
7,19,23,45,5,0,24.85,23.01,23.0,22.99,23.1,22.8,22.98,-0.876,0.3438,15.0,30.0,0,rule
7,19,23,60,5,0,25.0,22.96,22.94,22.94,23.03,22.75,22.92,-0.893,0.3438,15.0,30.0,0,rule
7,20,0,15,6,0,24.85,22.91,22.89,22.89,22.96,22.7,22.87,-0.908,0.3438,15.0,30.0,0,rule
7,20,0,30,6,0,24.7,22.87,22.84,22.84,22.9,22.66,22.82,-0.924,0.3438,15.0,30.0,0,rule
7,20,0,45,6,0,24.55,22.82,22.79,22.79,22.84,22.61,22.77,-0.939,0.3438,15.0,30.0,0,rule
7,20,0,60,6,0,24.4,22.77,22.74,22.74,22.78,22.57,22.72,-0.953,0.3438,15.0,30.0,0,rule
7,20,1,15,6,0,24.27,22.73,22.69,22.7,22.73,22.54,22.68,-0.967,0.3438,15.0,30.0,0,rule
7,20,1,30,6,0,24.15,22.68,22.64,22.65,22.68,22.5,22.63,-0.981,0.3438,15.0,30.0,0,rule
7,20,1,45,6,0,24.02,22.63,22.6,22.6,22.63,22.47,22.59,-0.993,0.3438,15.0,30.0,0,rule
7,20,1,60,6,0,23.9,22.59,22.55,22.56,22.58,22.44,22.54,-1.006,0.3438,15.0,30.0,0,rule
7,20,2,15,6,0,23.75,22.55,22.51,22.52,22.53,22.4,22.5,-1.018,0.3438,15.0,30.0,0,rule
7,20,2,30,6,0,23.6,22.5,22.47,22.47,22.49,22.37,22.46,-1.031,0.3438,15.0,30.0,0,rule
7,20,2,45,6,0,23.45,22.46,22.42,22.43,22.44,22.34,22.42,-1.043,0.3438,15.0,30.0,0,rule
7,20,2,60,6,0,23.3,22.42,22.38,22.39,22.4,22.31,22.38,-1.055,0.3438,15.0,30.0,0,rule
7,20,3,15,6,0,23.18,22.38,22.34,22.34,22.35,22.28,22.34,-1.066,0.3438,15.0,30.0,0,rule
7,20,3,30,6,0,23.05,22.34,22.3,22.3,22.31,22.25,22.3,-1.077,0.3438,15.0,30.0,0,rule
7,20,3,45,6,0,22.93,22.3,22.26,22.26,22.27,22.22,22.26,-1.088,0.3438,15.0,30.0,0,rule
7,20,3,60,6,0,22.8,22.26,22.22,22.22,22.23,22.19,22.23,-1.099,0.3438,15.0,30.0,0,rule
7,20,4,15,6,0,22.65,22.22,22.19,22.19,22.19,22.16,22.19,-1.109,0.3438,15.0,30.0,0,rule
7,20,4,30,6,0,22.5,22.18,22.15,22.15,22.15,22.14,22.15,-1.12,0.3438,15.0,30.0,0,rule
7,20,4,45,6,0,22.35,22.14,22.11,22.11,22.11,22.11,22.12,-1.131,0.3438,15.0,30.0,0,rule
7,20,4,60,6,0,22.2,22.12,22.15,22.18,22.09,22.09,22.13,-1.121,0.3438,15.0,30.0,0,rule
7,20,5,15,6,0,22.35,22.1,22.25,22.35,22.09,22.07,22.17,-1.106,0.3438,15.0,30.0,0,rule
7,20,5,30,6,0,22.5,22.11,22.39,22.54,22.11,22.05,22.24,-1.085,0.3438,15.0,30.0,0,rule
7,20,5,45,6,0,22.65,22.13,22.58,22.77,22.15,22.04,22.33,-1.054,0.3438,15.0,30.0,0,rule
7,20,5,60,6,0,22.8,22.17,22.84,23.05,22.21,22.04,22.46,-1.014,0.3438,15.0,30.0,0,rule
7,20,6,23,6,0,23.08,22.23,23.15,23.35,22.29,22.05,22.61,-0.966,0.3438,15.0,30.0,0,rule
7,20,6,38,6,0,23.35,22.31,23.56,23.73,22.4,22.06,22.81,-0.905,0.3438,15.0,30.0,0,rule
7,20,6,53,6,0,23.62,22.41,24.0,24.11,22.53,22.09,23.03,-0.84,0.3438,15.0,30.0,0,rule
7,20,6,68,6,0,23.9,22.52,24.48,24.47,22.67,22.12,23.25,-0.771,0.3438,15.0,30.0,0,rule
7,20,7,23,6,0,24.32,22.66,24.98,24.81,22.84,22.17,23.49,-0.7,0.3438,15.0,30.0,0,rule
7,20,7,38,6,0,24.75,22.81,25.5,25.14,23.02,22.22,23.74,-0.627,0.3438,15.0,30.0,0,rule
7,20,7,53,6,0,25.18,22.97,26.04,25.44,23.22,22.27,23.99,-0.552,0.3438,15.0,30.0,0,rule
7,20,7,68,6,0,25.6,23.15,26.61,25.72,23.42,22.34,24.25,-0.474,0.3438,15.0,30.0,0,rule
7,20,8,23,6,0,25.88,23.34,27.17,25.94,23.61,22.41,24.49,-0.403,0.3438,15.0,30.0,0,rule
7,20,8,38,6,0,26.15,23.52,27.68,26.1,23.8,22.48,24.72,-0.338,0.3438,15.0,30.0,0,rule
7,20,8,53,6,0,26.42,23.69,28.16,26.21,23.98,22.55,24.92,-0.278,0.3438,15.0,30.0,0,rule
7,20,8,68,6,0,26.7,23.87,28.59,26.27,24.16,22.63,25.1,-0.225,0.3438,15.0,30.0,0,rule
7,20,9,23,6,0,26.97,24.04,28.95,26.29,24.34,22.71,25.26,-0.179,0.3438,15.0,30.0,0,rule
7,20,9,38,6,0,27.25,24.21,29.26,26.28,24.51,22.78,25.41,-0.137,0.3438,15.0,30.0,0,rule
7,20,9,45,6,0,27.53,24.38,29.51,26.25,24.68,22.86,25.54,-0.099,0.3438,15.0,30.0,0,rule
7,20,9,60,6,0,27.8,24.54,29.71,26.22,24.84,22.93,25.65,-0.069,0.3438,15.0,30.0,0,rule
7,20,10,15,6,0,28.08,24.69,29.84,26.19,24.99,23.0,25.74,-0.041,0.3438,15.0,30.0,0,rule
7,20,10,30,6,0,28.35,24.84,29.92,26.18,25.13,23.07,25.83,-0.016,0.3438,15.0,30.0,0,rule
7,20,10,45,6,0,28.62,24.99,29.95,26.19,25.26,23.14,25.91,0.007,0.3438,15.0,30.0,0,rule
7,20,10,60,6,0,28.9,25.13,29.93,26.21,25.39,23.21,25.98,0.026,0.3438,15.0,30.0,0,rule
7,20,11,15,6,0,28.9,25.27,29.86,26.25,25.52,23.28,26.04,0.043,0.3438,15.0,30.0,0,rule
7,20,11,30,6,0,28.9,25.4,29.73,26.28,25.64,23.35,26.08,0.054,0.3438,15.0,30.0,0,rule
7,20,11,45,6,0,28.9,25.51,29.56,26.31,25.74,23.42,26.11,0.062,0.3438,15.0,30.0,0,rule
7,20,11,60,6,0,28.9,25.61,29.36,26.33,25.84,23.48,26.12,0.066,0.3438,15.0,30.0,0,rule
7,20,12,15,6,0,28.9,25.7,29.11,26.35,25.92,23.53,26.12,0.064,0.3438,15.0,30.0,0,rule
7,20,12,30,6,0,28.9,25.78,28.85,26.36,25.99,23.59,26.11,0.061,0.3438,15.0,30.0,0,rule
7,20,12,45,6,0,28.9,25.87,28.57,26.38,26.06,23.64,26.1,0.058,0.3438,15.0,30.0,0,rule
7,20,12,60,6,0,28.9,25.94,28.3,26.39,26.12,23.68,26.09,0.053,0.3438,15.0,30.0,0,rule
7,20,13,15,6,0,29.02,26.0,28.06,26.4,26.2,23.73,26.08,0.052,0.3438,15.0,30.0,0,rule
7,20,13,30,6,0,29.15,26.05,27.86,26.41,26.32,23.77,26.08,0.055,0.3438,15.0,30.0,0,rule
7,20,13,45,6,0,29.27,26.11,27.7,26.43,26.5,23.8,26.11,0.065,0.3438,15.0,30.0,0,rule
7,20,13,60,6,0,29.4,26.16,27.57,26.45,26.71,23.84,26.15,0.077,0.3438,15.0,30.0,0,rule
7,20,14,15,6,0,29.4,26.22,27.44,26.47,26.97,23.88,26.19,0.092,0.3438,15.0,30.0,0,rule
7,20,14,30,6,0,29.4,26.27,27.33,26.48,27.25,23.91,26.25,0.109,0.3438,15.0,30.0,0,rule
7,20,14,53,6,0,29.4,26.32,27.23,26.49,27.55,23.94,26.31,0.127,0.3438,15.0,30.0,0,rule
7,20,14,68,6,0,29.4,26.36,27.13,26.49,27.91,23.98,26.37,0.148,0.3438,15.0,30.0,0,rule
7,20,15,23,6,0,29.27,26.4,27.04,26.48,28.26,24.01,26.44,0.169,0.3438,15.0,30.0,0,rule
7,20,15,38,6,0,29.15,26.44,26.95,26.47,28.6,24.05,26.5,0.188,0.3438,15.0,30.0,0,rule
7,20,15,53,6,0,29.02,26.46,26.87,26.46,28.94,24.08,26.56,0.206,0.3438,15.0,30.0,0,rule
7,20,15,68,6,0,28.9,26.47,26.78,26.42,29.24,24.1,26.6,0.218,0.3438,15.0,30.0,0,rule
7,20,16,15,6,0,28.47,26.46,26.68,26.38,29.49,24.13,26.63,0.225,0.3438,15.0,30.0,0,rule
7,20,16,30,6,0,28.05,26.43,26.58,26.31,29.68,24.14,26.63,0.224,0.3438,15.0,30.0,0,rule
7,20,16,45,6,0,27.62,26.36,26.46,26.23,29.77,24.16,26.59,0.211,0.3438,15.0,30.0,0,rule
7,20,16,60,6,0,27.2,26.25,26.33,26.12,29.78,24.16,26.53,0.191,0.3438,15.0,30.0,0,rule
7,20,17,15,6,0,27.07,26.13,26.18,26.0,29.73,24.16,26.44,0.163,0.3438,15.0,30.0,0,rule
7,20,17,30,6,0,26.95,25.99,26.03,25.87,29.62,24.15,26.33,0.13,0.3438,15.0,30.0,0,rule
7,20,17,45,6,0,26.82,25.85,25.87,25.73,29.46,24.14,26.21,0.091,0.3438,15.0,30.0,0,rule
7,20,17,60,6,0,26.7,25.69,25.71,25.58,29.24,24.11,26.07,0.046,0.3438,15.0,30.0,0,rule
7,20,18,23,6,0,26.27,25.53,25.54,25.43,28.92,24.08,25.9,-0.008,0.3438,15.0,30.0,0,rule
7,20,18,38,6,0,25.85,25.32,25.34,25.24,28.5,24.03,25.69,-0.072,0.3438,15.0,30.0,0,rule
7,20,18,53,6,0,25.43,25.12,25.13,25.05,28.06,23.98,25.47,-0.139,0.3438,15.0,30.0,0,rule
7,20,18,68,6,0,25.0,24.92,24.93,24.85,27.64,23.92,25.25,-0.202,0.3438,15.0,30.0,0,rule
7,20,19,23,6,0,24.73,24.72,24.73,24.65,27.2,23.86,25.03,-0.269,0.3438,15.0,30.0,0,rule
7,20,19,38,6,0,24.45,24.52,24.53,24.46,26.74,23.78,24.81,-0.336,0.3438,15.0,30.0,0,rule
7,20,19,53,6,0,24.17,24.33,24.33,24.26,26.24,23.71,24.57,-0.408,0.3438,15.0,30.0,0,rule
7,20,19,68,6,0,23.9,24.14,24.14,24.08,25.77,23.63,24.35,-0.472,0.3438,15.0,30.0,0,rule
7,20,20,23,6,0,23.47,23.97,23.97,23.91,25.38,23.55,24.16,-0.529,0.3438,15.0,30.0,0,rule
7,20,20,38,6,0,23.05,23.81,23.81,23.75,25.03,23.46,23.97,-0.582,0.3438,15.0,30.0,0,rule
7,20,20,53,6,0,22.62,23.65,23.65,23.59,24.71,23.38,23.8,-0.633,0.3438,15.0,30.0,0,rule
7,20,20,60,6,0,22.2,23.5,23.51,23.45,24.42,23.3,23.63,-0.681,0.3438,15.0,30.0,0,rule
7,20,21,15,6,0,21.8,23.36,23.37,23.31,24.16,23.22,23.48,-0.725,0.3438,15.0,30.0,0,rule
7,20,21,30,6,0,21.4,23.22,23.24,23.17,23.92,23.15,23.34,-0.766,0.3438,15.0,30.0,0,rule
7,20,21,45,6,0,21.0,23.09,23.11,23.05,23.71,23.08,23.21,-0.806,0.3438,15.0,30.0,0,rule
7,20,21,60,6,0,20.6,22.96,22.99,22.92,23.5,23.0,23.08,-0.844,0.3438,15.0,30.0,0,rule
7,20,22,15,6,0,20.45,22.84,22.87,22.8,23.32,22.93,22.95,-0.881,0.3438,15.0,30.0,0,rule
7,20,22,30,6,0,20.3,22.72,22.75,22.68,23.14,22.87,22.83,-0.915,0.3438,15.0,30.0,0,rule
7,20,22,45,6,0,20.15,22.62,22.65,22.58,22.99,22.8,22.73,-0.946,0.3438,15.0,30.0,0,rule
7,20,22,60,6,0,20.0,22.52,22.55,22.48,22.85,22.74,22.63,-0.976,0.3438,15.0,30.0,0,rule
7,20,23,15,6,0,20.0,22.43,22.46,22.39,22.71,22.67,22.53,-1.003,0.3438,15.0,30.0,0,rule
7,20,23,30,6,0,20.0,22.34,22.37,22.31,22.59,22.61,22.45,-1.029,0.3438,15.0,30.0,0,rule
7,20,23,45,6,0,20.0,22.27,22.29,22.23,22.49,22.55,22.37,-1.052,0.3438,15.0,30.0,0,rule
7,20,23,60,6,0,20.0,22.2,22.22,22.16,22.39,22.5,22.29,-1.074,0.3438,15.0,30.0,0,rule
7,21,0,15,0,0,19.85,22.13,22.15,22.09,22.3,22.44,22.22,-1.094,0.3438,15.0,30.0,0,rule
7,21,0,30,0,0,19.7,21.95,21.98,21.91,22.1,22.28,22.04,-1.134,0.1187,15.0,30.0,0,rule
7,21,0,45,0,0,19.55,21.78,21.82,21.74,21.93,22.09,21.87,-1.175,0.1187,15.0,30.0,0,rule
7,21,0,60,0,0,19.4,21.67,21.71,21.63,21.8,21.94,21.75,-1.208,0.1187,15.0,30.0,0,rule
7,21,1,15,0,0,19.27,21.58,21.62,21.54,21.71,21.85,21.66,-1.234,0.1187,15.0,30.0,0,rule
7,21,1,30,0,0,19.15,21.5,21.55,21.46,21.62,21.77,21.58,-1.258,0.1187,15.0,30.0,0,rule
7,21,1,45,0,0,19.02,21.43,21.47,21.39,21.53,21.71,21.51,-1.279,0.1187,15.0,30.0,0,rule
7,21,1,60,0,0,18.9,21.36,21.4,21.32,21.45,21.64,21.44,-1.3,0.1187,15.0,30.0,0,rule
7,21,2,15,0,0,18.75,21.29,21.34,21.26,21.38,21.59,21.37,-1.318,0.1187,15.0,30.0,0,rule
7,21,2,30,0,0,18.6,21.23,21.27,21.2,21.31,21.53,21.31,-1.336,0.1187,15.0,30.0,0,rule
7,21,2,45,0,0,18.45,21.17,21.21,21.14,21.25,21.49,21.25,-1.353,0.1187,15.0,30.0,0,rule
7,21,2,60,0,0,18.3,21.11,21.16,21.08,21.19,21.44,21.2,-1.37,0.1187,15.0,30.0,0,rule
7,21,3,15,0,0,18.18,21.06,21.1,21.03,21.13,21.4,21.14,-1.385,0.1187,15.0,30.0,0,rule
7,21,3,30,0,0,18.05,21.0,21.05,20.98,21.07,21.36,21.09,-1.4,0.1187,15.0,30.0,0,rule
7,21,3,45,0,0,17.93,20.95,21.0,20.92,21.02,21.32,21.04,-1.415,0.1187,15.0,30.0,0,rule
7,21,3,60,0,0,17.8,20.9,20.95,20.87,20.96,21.28,20.99,-1.429,0.1187,15.0,30.0,0,rule
7,21,4,15,0,0,17.93,20.85,20.9,20.82,20.91,21.25,20.95,-1.443,0.1187,15.0,30.0,0,rule
7,21,4,30,0,0,18.05,20.81,20.85,20.78,20.87,21.21,20.91,-1.454,0.1187,15.0,30.0,0,rule
7,21,4,45,0,0,18.18,20.78,20.82,20.75,20.83,21.18,20.87,-1.464,0.1187,15.0,30.0,0,rule
7,21,4,60,0,0,18.3,20.77,20.91,20.93,20.82,21.15,20.92,-1.441,0.1187,15.0,30.0,0,rule
7,21,5,23,0,0,18.58,20.77,21.14,21.27,20.83,21.13,21.03,-1.403,0.1187,15.0,30.0,0,rule
7,21,5,38,0,0,18.85,20.8,21.51,21.79,20.86,21.12,21.22,-1.344,0.1187,15.0,30.0,0,rule
7,21,5,53,0,0,19.12,20.85,21.95,22.34,20.91,21.13,21.44,-1.278,0.1187,15.0,30.0,0,rule
7,21,5,68,0,0,19.4,20.91,22.43,22.87,20.99,21.15,21.67,-1.208,0.1187,15.0,30.0,0,rule
7,21,6,23,0,0,19.97,20.98,22.97,23.39,21.07,21.18,21.92,-1.132,0.1187,15.0,30.0,0,rule
7,21,6,35,0,0,20.55,20.55,22.34,23.19,20.16,20.94,21.43,-1.178,0.7385,15.0,30.0,0,rule
7,21,6,53,0,0,21.12,20.4,22.35,23.19,19.88,20.69,21.3,-1.191,0.7463,15.0,30.0,0,rule
7,21,6,68,0,0,21.7,20.41,22.66,23.35,19.86,20.57,21.37,-1.167,0.7627,15.0,30.0,0,rule
7,21,7,23,0,0,22.1,20.46,22.99,23.52,19.88,20.58,21.49,-1.135,0.7787,21.1,25.5,0,rule
7,21,7,34,0,0,22.5,21.12,23.29,23.64,21.09,21.13,22.05,-1.025,0.7951,21.1,25.5,0,rule
7,21,7,53,0,0,22.9,21.1,23.6,23.73,21.1,21.1,22.13,-0.985,0.8083,21.1,25.5,0,rule
7,21,7,68,0,0,23.3,21.1,23.92,23.8,21.1,21.1,22.2,-0.955,0.8235,21.1,25.5,0,rule
7,21,8,15,0,1,23.58,21.1,24.22,23.82,21.1,21.1,22.27,-0.93,0.8384,21.1,26.5,0,rule
7,21,8,35,0,1,23.85,21.96,25.14,24.66,21.42,22.02,23.04,-0.727,2.9159,21.1,26.5,0,rule
7,21,8,50,0,1,24.12,22.74,25.87,25.33,21.76,22.95,23.73,-0.541,2.9283,21.1,26.5,0,rule
7,21,8,68,0,1,24.4,23.14,26.35,25.57,22.02,23.35,24.09,-0.425,2.9383,21.1,26.5,0,rule
7,21,9,23,0,1,24.82,23.47,26.49,25.67,22.27,23.62,24.3,-0.339,2.9552,21.1,26.5,0,rule
7,21,9,35,0,1,25.25,24.08,26.5,26.07,22.79,24.17,24.72,-0.226,3.6998,21.1,26.5,0,rule
7,21,9,53,0,1,25.68,24.55,26.5,26.33,23.17,24.63,25.04,-0.129,3.7131,21.1,26.5,0,rule
7,21,9,68,0,1,26.1,24.94,26.5,26.48,23.46,24.99,25.27,-0.053,3.7269,21.1,26.5,0,rule
7,21,10,23,0,1,26.1,25.21,26.5,26.5,23.67,25.21,25.42,0.001,3.7458,21.1,26.5,0,rule
7,21,10,38,0,1,26.1,25.43,26.5,26.5,23.86,25.42,25.54,0.046,3.8477,21.1,26.5,0,rule
7,21,10,53,0,1,26.1,25.63,26.5,26.5,24.02,25.6,25.65,0.082,3.8535,21.1,26.5,0,rule
7,21,10,68,0,1,26.1,25.81,26.5,26.5,24.16,25.76,25.75,0.114,3.8576,21.1,26.5,0,rule
7,21,11,23,0,1,26.53,25.97,26.5,26.5,24.29,25.89,25.83,0.142,3.8601,21.1,26.5,0,rule
7,21,11,38,0,1,26.95,26.04,26.5,26.5,24.34,25.93,25.86,0.153,3.7706,21.1,26.5,0,rule
7,21,11,53,0,1,27.38,26.12,26.5,26.5,24.39,25.95,25.89,0.162,3.784,21.1,26.5,0,rule
7,21,11,68,0,1,27.8,26.24,26.5,26.5,24.49,26.02,25.95,0.175,3.7976,21.1,26.5,0,rule
7,21,12,15,0,1,27.8,26.37,26.5,26.5,24.59,26.1,26.01,0.189,3.8097,21.1,26.5,0,rule
7,21,12,30,0,1,27.8,26.3,26.46,26.5,24.5,25.99,25.95,0.168,3.4986,21.1,26.5,0,rule
7,21,12,45,0,1,27.8,26.24,26.32,26.5,24.44,25.88,25.87,0.145,3.4991,21.1,26.5,0,rule
7,21,12,60,0,1,27.8,26.24,26.13,26.5,24.43,25.83,25.83,0.125,3.4991,21.1,26.5,0,rule
7,21,13,15,0,1,27.8,26.27,25.96,26.5,24.47,25.82,25.8,0.113,3.4979,21.1,26.5,0,rule
7,21,13,30,0,1,27.8,26.45,25.96,26.5,24.7,26.03,25.93,0.141,3.6971,21.1,26.5,0,rule
7,21,13,45,0,1,27.8,26.5,25.95,26.5,24.92,26.24,26.02,0.167,3.7039,21.1,26.5,0,rule
7,21,13,60,0,1,27.8,26.5,25.88,26.5,25.1,26.36,26.07,0.187,3.6969,21.1,26.5,0,rule
7,21,14,15,0,1,27.25,26.5,25.81,26.5,25.28,26.41,26.1,0.204,3.6956,21.1,26.5,0,rule
7,21,14,30,0,1,26.7,26.5,25.78,26.5,25.48,26.49,26.15,0.227,3.7288,21.1,26.5,0,rule
7,21,14,45,0,1,26.15,26.5,25.76,26.5,25.62,26.5,26.18,0.242,3.7053,21.1,26.5,0,rule
7,21,14,60,0,1,25.6,26.5,25.74,26.5,25.71,26.5,26.19,0.25,3.6703,21.1,26.5,0,rule
7,21,15,15,0,1,25.45,26.5,25.69,26.5,25.76,26.5,26.19,0.253,3.6364,21.1,26.5,0,rule
7,21,15,30,0,1,25.3,26.5,25.6,26.5,25.73,26.5,26.16,0.249,3.4793,21.1,26.5,0,rule
7,21,15,45,0,1,25.15,26.48,25.53,26.5,25.64,26.5,26.13,0.24,3.4739,21.1,26.5,0,rule
7,21,15,60,0,1,25.0,26.43,25.45,26.5,25.54,26.5,26.08,0.222,3.4658,21.1,26.5,0,rule
7,21,16,15,0,1,24.3,26.34,25.34,26.5,25.41,26.5,26.02,0.197,3.4549,21.1,26.5,0,rule
7,21,16,30,0,1,23.6,26.09,25.09,26.36,25.12,26.35,25.8,0.14,3.2215,21.1,26.5,0,rule
7,21,16,45,0,1,22.9,25.84,24.84,26.16,24.83,26.2,25.57,0.075,3.2451,21.1,26.5,0,rule
7,21,16,60,0,1,22.2,25.65,24.65,25.98,24.63,26.1,25.4,0.025,3.2644,21.1,26.5,0,rule
7,21,17,15,0,1,22.07,25.5,24.49,25.82,24.48,26.05,25.27,-0.018,3.2793,21.1,27.0,0,rule
7,21,17,30,0,1,21.95,25.37,24.34,25.68,24.36,26.0,25.15,-0.056,3.2715,21.1,27.0,0,rule
7,21,17,45,0,1,21.82,25.25,24.21,25.55,24.25,25.94,25.04,-0.091,3.2629,21.1,27.0,0,rule
7,21,17,60,0,1,21.7,25.14,24.08,25.43,24.21,25.89,24.95,-0.118,3.2543,21.1,27.0,0,rule
7,21,18,15,0,0,21.97,25.05,23.97,25.31,24.24,25.84,24.88,-0.139,3.2457,15.0,30.0,0,rule
7,21,18,38,0,0,22.25,24.57,23.47,24.81,23.92,25.33,24.42,-0.256,2.2415,15.0,30.0,0,rule
7,21,18,53,0,0,22.53,24.13,23.05,24.34,23.75,24.77,24.01,-0.362,2.2358,15.0,30.0,0,rule
7,21,18,68,0,0,22.8,23.92,22.84,24.1,23.71,24.51,23.82,-0.432,2.2293,15.0,30.0,0,rule
7,21,19,15,0,0,22.65,23.75,22.65,23.91,23.52,24.35,23.63,-0.501,2.2223,15.0,30.0,0,rule
7,21,19,38,0,0,22.5,23.27,22.17,23.42,22.97,23.87,23.14,-0.645,1.4583,15.0,30.0,0,rule
7,21,19,53,0,0,22.35,22.79,21.76,22.92,22.38,23.33,22.64,-0.794,1.4437,15.0,30.0,0,rule
7,21,19,68,0,0,22.2,22.51,21.54,22.62,22.03,23.02,22.34,-0.894,1.4286,15.0,30.0,0,rule
7,21,20,23,0,0,22.07,22.27,21.35,22.37,21.75,22.78,22.1,-0.977,1.4148,15.0,30.0,0,rule
7,21,20,38,0,0,21.95,22.49,21.86,22.55,22.31,22.77,22.39,-0.966,0.4,15.0,30.0,0,rule
7,21,20,53,0,0,21.82,22.72,22.33,22.76,22.8,22.86,22.69,-0.927,0.4,15.0,30.0,0,rule
7,21,20,60,0,0,21.7,22.75,22.47,22.77,22.92,22.88,22.76,-0.923,0.4,15.0,30.0,0,rule
7,21,21,15,0,0,21.7,22.67,22.45,22.68,22.84,22.81,22.69,-0.941,0.4,15.0,30.0,0,rule
7,21,21,30,0,0,21.7,22.56,22.38,22.56,22.72,22.7,22.58,-0.975,0.1187,15.0,30.0,0,rule
7,21,21,45,0,0,21.7,22.41,22.27,22.41,22.58,22.53,22.44,-1.011,0.1187,15.0,30.0,0,rule
7,21,21,60,0,0,21.7,22.29,22.18,22.28,22.45,22.38,22.32,-1.044,0.1187,15.0,30.0,0,rule
7,21,22,15,0,0,21.7,22.2,22.11,22.18,22.34,22.27,22.22,-1.072,0.1187,15.0,30.0,0,rule
7,21,22,30,0,0,21.7,22.11,22.04,22.1,22.25,22.18,22.14,-1.097,0.1187,15.0,30.0,0,rule
7,21,22,45,0,0,21.7,22.04,21.98,22.02,22.16,22.1,22.06,-1.12,0.1187,15.0,30.0,0,rule
7,21,22,60,0,0,21.7,21.97,21.92,21.95,22.08,22.02,21.99,-1.141,0.1187,15.0,30.0,0,rule
7,21,23,15,0,0,21.27,21.91,21.87,21.88,22.0,21.95,21.92,-1.16,0.1187,15.0,30.0,0,rule
7,21,23,30,0,0,20.85,21.83,21.8,21.81,21.92,21.89,21.85,-1.182,0.1187,15.0,30.0,0,rule
7,21,23,45,0,0,20.43,21.76,21.74,21.73,21.84,21.83,21.78,-1.203,0.1187,15.0,30.0,0,rule
7,21,23,60,0,0,20.0,21.68,21.66,21.65,21.75,21.77,21.7,-1.225,0.1187,15.0,30.0,0,rule
